-inf,-136.6892115361957565,-604.2859993461685235,-662.1951790918432152,-403.7416306444529823,-76.3858198169187688,-76.3844960289937376,-466.5890508586639385,-153.9186164055134611,-153.9090956171276048,-24.6971482057306275,-283.1305671981210708,-93.6152363022062843,-154.0072454484605373,-115.8327275492734714,-153.9149782690540462,-205.6004926771894930,-50.5427596273896143,-171.1480827029570264,-728.5289559691601653,-653.5701529021612259,-105.5179106469331316,-119.4588953788871777,-343.1800468115393983,-76.3911324232494167,-136.1520029523161384,-265.9104599368810682,-386.5146081912868681,-369.2875375370364281,-130.8720498776673651
-inf,-118.6194905320728310,-525.7290580485368992,-575.2364872528163460,-350.6645272353107998,-66.2217940224034862,-66.2212755453116131,-406.3262419378880281,-133.5901295171505296,-133.5869840182954249,-21.3094316667130670,-245.8676810770182328,-81.1924401360232935,-134.2303462754787233,-101.2772966593725243,-133.5889245470729918,-178.5002907717407652,-43.7668877208084268,-148.5608234781846591,-633.5525095073704733,-567.7405642264152448,-91.9560649699207318,-103.6483708825102781,-298.1755371469157012,-66.2271041411293027,-118.4126086044933004,-230.8999651925391277,-335.6944314053578751,-320.7244686482464431,-113.9259093290487783
-inf,-109.7738602045974119,-487.1613853882823832,-532.6657779151231580,-324.6802834678391605,-61.2463362492981673,-61.2459812510857375,-376.6877711788857255,-123.6387364934268760,-123.6368892082264210,-19.6512644844199542,-227.6243595799942341,-75.1112187547272185,-124.4401403003951145,-94.0619987778668190,-123.6380254916823844,-165.2325409191766425,-40.4500746625292891,-137.5036664318922703,-586.9736539044546362,-525.7226837418329524,-85.3114505061057287,-95.9085907145347960,-276.0991617486410519,-61.2516440664413153,-109.6497064954184566,-213.7611084116908842,-310.8155764078397283,-296.9510397531371382,-105.6268667818516462
-inf,-103.6833108146682036,-460.5708325075358971,-503.3533220249111082,-306.7885937937787162,-57.8206304484099860,-57.8203456054682476,-356.2290952886829132,-116.7868036384465711,-116.7855136528739877,-18.5097102724803335,-215.0626050197502082,-70.9241290963189215,-117.6657441507367139,-89.0589180952176491,-116.7863045348142066,-156.0968571239760649,-38.1664440570312138,-129.8903495288017780,-554.8611495106823668,-496.7909000973813249,-80.7323161543598360,-90.5794623771319038,-260.8889443553964043,-57.8259358171754059,-103.5968466345884167,-201.9601801779909920,-293.6851098289067181,-280.5818122851595717,-99.9101883001252702
-inf,-98.9370970695669882,-439.8321778399549657,-480.5101638578059919,-292.8456602616731175,-55.1511341579287091,-55.1508882227771267,-340.2586800065873263,-111.4472423119537154,-111.4462612824734720,-17.6202574944551316,-205.2732439010556504,-67.6612850057685193,-112.3714811948827332,-85.1384235185369391,-111.4468606423398853,-148.9774743351945858,-36.3869688811736580,-123.9574402852426260,-529.8109327232142505,-474.2444075603199849,-77.1605553903021644,-86.4266171080314507,-249.0320670635178999,-55.1564368775480602,-98.8721450218449718,-192.7638578277787360,-280.3354350733062006,-267.8254051437880889,-95.4532603666592934
-inf,-94.9875007547398980,-422.5637264944959952,-461.5004673738607153,-281.2426274115613865,-52.9297577757834858,-52.9295365170285095,-326.9512016355424180,-107.0038690691788190,-107.0030838113850109,-16.8802124820894619,-197.1267380736105110,-64.9461315560328387,-107.9575149674860199,-81.8602710508768894,-107.0035617993915764,-143.0529103949269256,-34.9062574896464355,-119.0202898901790718,-508.9474161936699375,-455.4815968133133879,-74.1853253219395299,-82.9708110187274883,-239.1632166865672957,-52.9350576158171293,-94.9364185391026467,-185.1109332974040171,-269.2261229661208404,-257.2098193339456884,-91.7425549983400117
-inf,-91.5638529504264227,-407.5873037585550946,-445.0216491157035534,-271.1844251750929402,-51.0042520925721021,-51.0040478408085676,-315.4031902338037412,-103.1521808215328804,-103.1515302980330944,-16.2388286273837821,-190.0648800812688251,-62.5925853323324759,-104.1261951816904912,-79.0064555078376145,-103.1519247505459305,-137.9171971115601991,-33.6228119664784515,-114.7405610335982828,-490.8491131883544085,-439.2167992436391728,-71.6035672338498159,-79.9752128663463395,-230.6072803523825883,-51.0095487971252624,-91.5224262836645721,-178.4769811591208963,-259.5959225860494257,-248.0076245865943747,-88.5242755701658268
-inf,-88.5123946699308419,-394.2331157752626041,-430.3337377882968440,-262.2193901554969102,-49.2881299204891832,-49.2879380739302064,-305.1007603552654359,-99.7191980846341437,-99.7186456413953692,-15.6672802810761596,-183.7705609720129019,-60.4949386320799078,-100.7079232221276470,-76.4529802103826626,-99.7189792824520111,-133.3397109926234521,-32.4789758865002796,-110.9260537087167222,-474.7082688815156644,-424.7196527867372993,-69.2999030578355644,-77.3052858023129943,-222.9805935623222126,-49.2934232082570816,-88.4780537170843786,-172.5640885788800460,-251.0123840118047269,-239.8055851600839787,-85.6542261704855434
-inf,-85.7373615279134640,-382.0837464680120092,-416.9758530436259889,-254.0662108308881102,-47.7275262374517411,-47.7273438205731395,-295.7235189285408410,-96.5971852354497003,-96.5967071454882102,-15.1476161593625989,-178.0462737022232886,-58.5873551864255830,-97.5968230974930293,-74.1225572312410179,-96.5969946862136624,-129.1768119694058896,-31.4388410900743906,-107.4570610415808574,-460.0216381073254297,-411.5352622009835954,-67.2024493950162025,-74.8772375491296316,-216.0441326647082292,-47.7328158004019372,-85.7084239906440644,-167.1867068261897202,-243.2061632375369413,-232.3463249376893600,-83.0425785085535892
-inf,-83.1750628787717972,-370.8614371286286087,-404.6414644828486189,-246.5377882881610390,-46.2866177213569188,-46.2864427013463455,-287.0581917092654862,-93.7144895414573682,-93.7140695701548339,-14.6678992165948614,-172.7606573400036609,-56.8260495810763473,-94.7223477637322731,-71.9637600102243198,-93.7143210770787789,-125.3329664181658245,-30.4785273862867712,-104.2539682049537646,-446.4544172754767715,-399.3610778609509566,-65.2633773050929733,-72.6353400530201156,-209.6388925419047951,-46.2919032227821958,-83.1503677150487874,-162.2214295656970648,-235.9981212810735656,-225.4586650839867161,-80.6295711676939106
-inf,-80.7809992273182331,-360.3720305388097813,-393.1163954398873557,-239.5033949640933884,-44.9403763139052614,-44.9402072423163474,-278.9556540344485143,-91.0210482435220172,-91.0206747987668336,-14.2197911971337021,-167.8219292622237617,-55.1804304905081722,-92.0351311591447825,-69.9406488269538897,-91.0208974603017111,-121.7414251135838299,-29.5813516106301506,-101.2611491707951359,-433.7726089321837435,-387.9857045922017846,-63.4492508065121967,-70.5406573962275161,-203.6537580150188091,-44.9456573860755668,-80.7597116930802486,-157.5820327974975612,-229.2630925081851387,-219.0230020269816578,-78.3734322730112751
-inf,-78.5228624466903113,-350.4744978877882886,-382.2451370185713131,-232.8681133759798172,-43.6706318652060759,-43.6704676753035699,-271.3075638831870151,-88.4805137955540602,-88.4801783155829185,-13.7972402169426687,-163.1634492891325294,-53.6282883434514872,-89.4992845750404626,-68.0271281917153772,-88.4803774413970530,-118.3537244212912469,-28.7352027380010213,-98.4382169704205126,-421.8062662757824910,-377.2556531438910383,-61.7357775155738011,-68.5649210763978658,-198.0080418988447377,-43.6759081067000068,-78.5043625165639583,-153.2059127324448013,-222.9101979849713757,-212.9524954680134670,-76.2438173291364194
-inf,-76.3764632645487325,-341.0632021925988511,-371.9112492649871911,-226.5608733643400114,-42.4637813687266146,-42.4636212538544839,-264.0327570196968168,-86.0656722800550540,-86.0653682654955219,-13.3957172116583934,-158.7353207111650590,-52.1529954867381775,-87.0879066692462516,-66.2036613820850732,-86.0655478865901671,-115.1335779634088112,-27.9310147241205300,-95.7549330387493569,-410.4281051810229428,-367.0559958688043594,-60.1047547785008476,-66.6869666067416347,-192.6413233051272869,-42.4690523414637084,-76.3602780080291268,-149.0461952454900825,-216.8713916056715902,-207.1821234133110465,-74.2179914144883526
-inf,-74.3232296539100332,-332.0569996639462715,-362.0253221423147352,-220.5271036994673182,-41.3093818322402910,-41.3092251692368393,-257.0688846814899193,-83.7556290905863250,-83.7553514946553719,-13.0117469333033000,-154.4992310150861954,-50.7417863476328819,-84.7803212333095075,-64.4552510278752777,-83.7555147414260830,-112.0531244327078184,-27.1618284392861824,-93.1880801880419654,-399.5403640696902130,-357.2984840372920985,-58.5421940229897757,-64.8905446393190459,-187.5072045142532602,-41.3146470582107668,-74.3089903032586676,-145.0668889520829907,-211.0944243044424979,-201.6619590013539209,-72.2784841442116601
-inf,-72.3486007801716653,-323.3922407533533487,-352.5172462679463479,-214.7240142916111267,-40.1992469014742539,-40.1990932005068089,-250.3670418740453556,-81.5340021141849718,-81.5337469429749149,-12.6426068681525976,-150.4251395409082761,-49.3846532927254884,-82.5603014879106922,-62.7701419744764451,-81.5338962930386231,-109.0905186318129836,-26.4221894390495606,-90.7194550254948808,-389.0663663493405693,-347.9139189481282415,-57.0371168141167857,-63.1629156908049367,-182.5693022115667077,-40.2045058591545228,-72.3360144057746766,-141.2397734196470083,-205.5383269696648654,-196.3528541273708470,-70.4115842658395934
-inf,-70.4409573077448101,-315.0181075066589074,-343.3310648141459751,-209.1174539009959403,-39.1268451886005266,-39.1266940592068977,-243.8881877602474901,-79.3877183175567041,-79.3874823591484073,-12.2861267268025927,-146.4890712929504275,-48.0736112358918604,-80.4148860298769250,-61.1389569859663027,-79.3876198053055475,-106.2283269904148142,-25.7077468734100592,-88.3345308188639819,-378.9448996169957127,-338.8470706844321398,-55.5807532097377646,-61.4939141782333536,-177.7985771249340701,-39.1320973090314794,-70.4297875155579050,-137.5423265702808635,-200.1704018373172289,-191.2235645237894914,-68.6063371428417383
-inf,-68.5908865033535733,-306.8934096407089100,-334.4214365675381941,-203.6797512746725829,-38.0868869266397496,-38.0867380540878457,-237.6006852108926637,-77.3061869786929208,-77.3059676142871695,-11.9405507137987854,-142.6716012154125792,-46.8021924209580504,-78.3335645319851324,-59.5541027664911837,-77.3060947816331065,-103.4524252406077949,-25.0149779487440469,-86.0215388563102010,-369.1263533085253812,-330.0531871061438665,-54.1659912339873415,-59.8753053995094433,-173.1714992057757740,-38.0921315891420704,-68.5809399114558573,-133.9563007460166091,-194.9641554759115820,-186.2487745956257186,-66.8538561621163296
-inf,-66.7906637238721430,-298.9843236312391355,-325.7511402971148300,-198.3881918838295064,-37.0750323432203004,-37.0748854716555343,-231.4785639776392259,-75.2807163502045853,-75.2805114191750704,-11.6044403750362051,-138.9567847255257220,-45.5650899709150394,-76.3077026721668403,-58.0093507684392478,-75.2806296487826501,-100.7512206453301360,-24.3409935382876199,-83.7708202851717374,-359.5699929969063078,-321.4955306287192229,-52.7869886479627723,-58.3003318493924780,-168.6687528949457828,-37.0802688707155994,-66.7817802583097091,-130.4667180125777577,-189.8978403328134732,-181.4077037773479333,-65.1468370536809118
-inf,-65.0338780696970105,-291.2627601949908467,-317.2892728803100226,-193.2239181229705878,-36.0876811307617515,-36.0875360509452037,-225.5002661395928385,-73.3040925079211263,-73.3039002093162821,-11.2766044823540881,-135.3313855625829660,-44.3579005533080704,-74.3301265988228010,-56.4995344974387024,-73.3040106193209624,-98.1150904587441914,-23.6833978594236783,-81.5743581557521793,-350.2419920701194087,-313.1435997508601190,-51.4388928407034030,-56.7633856801093657,-164.2743022511780850,-36.0929087846683956,-65.0259238537190072,-127.0611447767526556,-184.9534017277165390,-176.6831003216921090,-63.4792074159030619
-inf,-63.3151565968127272,-283.7051614290418229,-309.0099217050188827,-188.1711190030075045,-35.1218173595459291,-35.1216738997769369,-219.6477213435028375,-71.3702690769860908,-71.3700878962712864,-10.9560474046103593,-131.7843068942798368,-43.1769348073149786,-72.3948165543546338,-55.0203264859938201,-71.3701914273056843,-95.5359682124635015,-23.0401851156416342,-79.4254326614137653,-341.1139812480265618,-304.9718186993575841,-50.1176346208015673,-55.2597674011117306,-159.9747021169205254,-35.1270353342088697,-63.3080186433874132,-123.7291573534901090,-180.1157020244748423,-172.0604999509475874,-61.8458686863458809
-inf,-61.6299575022803481,-276.2915986539662754,-300.8911689677701133,-183.2164224322492032,-34.1748931922713552,-34.1747512115663881,-213.9056528889793185,-69.4741345519194908,-69.4739632055837433,-10.6419304185816372,-128.3061646637920035,-42.0190751928645341,-70.4966769481529241,-53.5680710379076288,-69.4740606551368103,-93.0070334521010977,-22.4096620091436591,-77.3183625931918073,-332.1619605309871304,-296.9585546602201589,-48.8197737051282274,-53.7855049312146321,-155.7585814752404190,-34.1801006088864767,-61.6235396870631007,-120.4619411605600021,-175.3719387724030980,-167.5276698590660089,-60.2425028170996768
-inf,-59.9744125472955432,-269.0050849150746899,-292.9143328874896497,-178.3484321109762618,-33.2447402990351577,-33.2445996819379559,-208.2610486301051083,-67.6113350077204984,-67.6111724007643602,-10.3335422598813977,-124.8889624739369424,-40.8816676936510532,-68.6313610415962216,-52.1396567949583130,-67.6112644495559891,-90.5224753216872386,-21.7903887236617209,-75.2483083389235503,-323.3654698961026952,-289.0853688489669935,-47.5423810876468167,-52.3372157345036157,-151.6162497312179767,-33.2499361990225566,-59.9686325079435960,-117.2519853018122831,-170.7112013091380618,-163.0741850231556214,-58.6654251450036384
-inf,-58.3452052916862556,-261.8310435910821070,-285.0633812191422294,-173.5573695995418007,-32.3295014209155056,-32.3293620735107652,-202.7027517651931134,-65.7781370975040147,-65.7779822903835338,-10.0302763971934894,-121.5258403176596289,-39.7624381438509147,-66.7951353790353437,-50.7324182740613026,-65.7780695228730394,-88.0773098574425148,-21.1811333432216315,-73.2111196440076810,-314.7069481974054952,-281.3364376434993233,-46.2829482046339251,-50.9120002923589823,-147.5393923991563838,-32.3346847586937542,-58.3399920086454244,-114.0928465250972295,-166.1241280629158723,-158.6911007401894267,-57.1114708609080424
-inf,-56.7394757920248765,-254.7568923338396871,-277.3244720777840939,-168.8347940994880787,-31.4275768244230846,-31.4274386712492628,-197.2211402278219907,-63.9713208202503267,-63.9711730028652710,-9.7316132778761926,-118.2108778749728799,-38.6594267522046664,-64.9847736076379192,-49.3440588168044485,-63.9712559233970808,-85.6672369694311442,-20.5808362020136997,-71.2032164487785622,-306.1712311467103973,-273.6980993743534896,-45.0393158723491638,-49.5073587324358755,-143.5208328563180089,-31.4327464595282891,-56.7347676782741814,-110.9789644425485449,-161.6026382620713662,-154.3706962650585979,-55.5779063034787839
-inf,-55.1547451465508232,-247.7717134685552764,-269.6855902261060010,-164.1733805092040370,-30.5375819253201826,-30.5374449069687159,-191.8078725308421895,-62.1880946146368672,-62.1879530856434144,-9.4371063051248996,-114.9389387287783961,-37.5709362747398075,-63.1974723508764669,-47.9725896001720287,-62.1880321312891908,-83.2885271858660303,-19.9885816847128126,-69.2214945312346686,-297.7451535979691926,-266.1584953389952375,-43.8096180233868324,-48.1211248250743324,-139.5543436410097229,-30.5427366138134744,-55.1504885226963779,-107.9055151922025857,-157.1397194402972559,-150.1062717655634628,-54.0623588617474695
-inf,-53.5888551318040811,-240.8659901025424688,-262.1362559375286310,-159.5667417841065685,-29.6583134075459895,-29.6581774787904919,-186.4556841466497303,-60.4260274293211239,-60.4258915795237499,-9.1463706560149376,-111.7055456914627030,-36.4954905673448593,-61.4307838620007942,-46.6162808624854961,-60.4259671303982202,-80.9379310271968961,-19.4035756947754976,-67.2632500109602347,-289.4172311386557794,-258.7072824494840120,-42.5922366668922052,-46.7514131865917477,-135.6344954202787676,-29.6634517926437127,-53.5850029965975523,-104.8682943269003545,-152.7292573620575808,-145.8919858131389446,-52.5627610147386406
-inf,-52.0399194514392605,-234.0313927545586239,-254.6672896852218173,-155.0092853781074496,-28.7887218805473140,-28.7885870088898912,-181.1582227767041218,-58.6829938550613122,-58.6828631539618186,-8.8590742889947762,-108.5067800648067191,-35.4318011264012682,-59.6825615970651029,-45.2736225294616759,-58.6829355415819975,-78.6126057903272795,-18.8251274866491087,-65.3261183645396386,-281.1774026929882666,-251.3354009814110555,-41.3857654573084801,-45.3965766450501746,-131.7565349368817920,-28.7938424824072001,-52.0364304813850254,-101.8636221877653725,-148.3658985798938943,-141.7227240560629866,-51.0773052313520850
-inf,-50.5062840221135900,-227.2606052635181868,-247.2706202593515172,-150.4960961995139428,-27.9278896270907353,-27.9277557916401236,-175.9099138909905946,-56.9571294215058117,-56.9570034063289086,-8.5749306590724075,-105.3391995208494905,-34.3787398474950692,-57.9509158498752868,-43.9432921567722019,-56.9570729204374118,-76.3100558798002453,-18.2526348970494041,-63.4080247332371982,-273.0168205937244466,-244.0348851874522893,-40.1889799379280817,-44.0551715154526846,-127.9162855030481865,-27.9329908316753119,-50.5031217505955397,-98.8882667717311961,-144.0449383787786815,-137.5939921522881946,-49.6044073012158435
-inf,-48.9864943695527870,-220.5471815657053867,-239.9391270341413929,-146.0228404184907163,-27.0750123583000288,-27.0748795489195402,-170.7058500883264855,-55.2467938907217615,-55.2466721574010080,-8.2936927805494349,-102.1997706281730416,-33.3353166779148182,-56.2341773104868139,-42.6241286300447655,-55.2467390515781460,-74.0280837950248838,-17.6855722536063240,-61.5071431139771789,-264.9276779857156043,-236.7987076176385131,-39.0008130152378385,-42.7259290985314806,-124.1100652269331590,-27.0800924052366838,-48.9836265080134581,-95.9393803584435432,-139.7622286856130245,-133.5018277809971323,-48.1426762752601860
-inf,-47.4792686702097910,-213.8854269486926114,-232.6665093304983429,-141.5856858209090774,-26.2293841527634299,-26.2292523694411841,-165.5416993751569521,-53.5505408996095014,-53.5504230953397951,-8.0151483639546086,-99.0858130013615437,-32.3006611565130299,-54.5308669220521551,-41.3151104370207349,-53.5504875916434742,-71.7647495759802609,-17.1234804126200117,-59.6218626025016079,-256.9030658532124107,-229.6206501837472729,-37.8203345700433999,-41.4077321218075838,-120.3346193118156862,-26.2344411221106384,-47.4766665427424641,-93.0144470574451816,-135.5141018219494526,-129.4427277941895795,-46.6908896289963025
-inf,-45.9834753176974971,-207.2702988926007492,-225.4471774739891998,-137.1812354130203744,-25.3903849499852470,-25.3902542023902811,-160.4136286105365912,-51.8670926900763618,-51.8669785071310230,-7.7391158183775417,-95.9949527602822741,-31.2740070708949247,-52.8396707927470857,-40.0153376048916130,-51.8670407999560723,-69.5183370254003989,-16.5659585066684087,-57.7507592872713076,-248.9368537695548866,-222.4951966377580561,-36.6467343724150112,-40.0995951424339978,-116.5870636263094298,-25.3954167478091506,-45.9811133869554851,-90.1112391024993826,-131.2973069446377963,-125.4135874932962338,-45.2479725853677053
-inf,-44.4981141482974465,-200.6973237246365898,-218.2761613751031291,-132.8064717304733904,-24.5574701120119414,-24.5573404192108171,-155.3182392179147087,-50.1953189528273072,-50.1952081234082925,-7.4654409583528150,-92.9250835118146483,-30.2546796373275697,-51.1594192031183184,-38.7240166023867687,-50.1952683827067574,-67.2873254080357128,-16.0126570785502054,-55.8925727115267819,-241.0235898084230257,-215.4174423455484089,-35.4793076616684857,-38.8006481545515669,-112.8648373807502026,-24.5624744546650220,-44.4959696154957669,-87.2277802140592371,-127.1089567363533774,-121.4116497011871161,-43.8129807754278602
-inf,-43.0223006472768645,-194.1625261321831886,-211.1490333601739167,-128.4587098555131206,-23.7301616725694942,-23.7300330628819722,-150.2525128901384619,-48.5342190214841196,-48.5341113134148259,-7.1939942897135438,-89.8743334530789184,-29.2420847376748725,-49.4890689576056388,-37.4404476577842331,-48.5341696873968260,-65.0703656086453748,-15.4632723484411940,-54.0461860551930613,-233.1584160404086106,-208.3830181267275634,-34.3174428953684298,-37.5101228079365114,-109.1656632127407534,-23.7351360695584503,-43.0203531127562542,-84.3623147139089724,-122.9464824348468142,-117.4344618034390919,-42.3850855934672666
-inf,-41.5552526051235134,-187.6623692240940500,-204.0618426900279019,-124.1355575788043097,-22.9080409760064754,-22.9079134869840004,-145.2137655061857799,-46.8829068195128968,-46.8828020326382102,-6.9246687765833030,-86.8410374990038463,-28.2356998490323576,-47.8276884930215829,-36.1640140635244052,-46.8828586500352174,-62.8662599513651799,-14.9175414164914173,-52.2106093724843845,-225.3369968131354426,-201.3880256310094978,-33.1606112836476257,-36.2273407736658726,-105.4875133526813897,-22.9129827113210922,-41.5534837787553215,-81.5132813614010274,-118.8075957039786203,-113.4798393285365137,-40.9635617445729565
-inf,-40.0962788005011532,-181.1937032999892381,-197.0110597209845764,-119.8348814583202397,-22.0907424689933691,-22.0906161475117528,-140.1996078368463827,-45.2405980835792718,-45.2404960467499109,-6.6573780120172046,-83.8237135589844797,-27.2350663758241467,-46.1744452765406095,-34.8941731251932197,-45.2405510187196853,-60.6739450445226112,-14.3752382435931736,-50.3849653556427484,-217.5554575785081397,-194.4289822323607382,-32.0083578068497161,-34.9517038867983274,-101.8285808087950386,-22.0956485807642196,-40.0946722533771549,-78.6792910891934412,-114.6902561521523580,-109.5458349257958730,-39.5477765868550364
-inf,-38.6447693729762420,-174.7537218635669660,-189.9935280772596116,-115.5547777807599914,-21.2779484565229211,-21.2778233589783667,-135.2079119039014472,-43.6065994839559892,-43.6065000525110236,-6.3920547311107896,-80.8210422650843725,-26.2397831534827048,-44.5285951216941953,-33.6304484825764973,-43.6065534742368470,-58.4924771442736642,-13.8361702854972464,-48.5684772030080012,-209.8103324836068850,-187.5027738312152792,-30.8602934795877104,-33.6826857715455503,-98.1872547263113802,-21.2828157148579749,-38.6433103235010833,-75.8591079833557274,-110.5926435460340826,-105.6307118313226283,-38.1371809548886631
-inf,-37.2001876146968300,-168.3399237035805527,-183.0064235213370694,-111.2935476248273403,-20.4693846710373748,-20.4692608636425177,-130.2367820772661275,-41.9802993369807780,-41.9802023906522663,-6.1286496179586720,-77.8318495904190399,-25.2495009383517868,-42.8894731242667149,-32.3724235840796553,-41.9802543426833097,-56.3210196295092942,-13.3001756803788851,-46.7604582522338887,-202.0985192887291078,-180.6066142684255169,-29.7160886736612326,-32.4198247123034946,-94.5620992403382274,-20.4742095538766762,-37.1988627435153489,-73.0516329806292788,-106.5131339530655055,-101.7329210896905920,-36.7313012162050825
-inf,-35.7620629614981453,-161.9500800884120508,-176.0472184548582391,-107.0496753759690023,-19.6648165324487536,-19.6646940916240851,-125.2845301649260250,-40.3611596622371565,-40.3610651034206853,-5.8671303676236164,-74.8550919019106118,-24.2639177337813692,-41.2564859767642815,-31.1197361373370143,-40.3611156527888113,-54.1588322573256846,-12.7671209093129505,-44.9603031035251206,-194.4172404448810312,-173.7380102974411216,-28.5754673499279761,-31.1627175788131012,-90.9518352697614887,-19.6695951992648475,-35.7608602507216062,-70.2558898548356296,-102.4502791901709884,-97.8510819365319549,-35.3297323637369232
-inf,-34.3299850052100624,-155.5822062985095044,-169.1136511806593035,-102.8218101631115360,-18.8640460001494432,-18.8639250130092080,-120.3496538876597128,-38.7487093835781877,-38.7486171359188347,-5.6074809722003067,-71.8898430765922853,-23.2827748308496894,-39.6291054655956714,-29.8720733923571800,-38.7486663370645203,-52.0052619301941945,-12.2368988647463652,-43.1674800093504132,-186.7640093795574785,-166.8947312566837695,-27.4382020789639114,-29.9110146498962592,-87.3553248023590072,-18.8687742633035214,-34.3288935982250791,-67.4710131442452621,-98.4027890718471099,-93.9839648578952165,-33.9321319883947581
-inf,-32.9035983810988171,-149.2345368587853045,-162.2036992102649720,-98.6087497818783163,-18.0669089362968123,-18.0667895012292092,-115.4308182370845657,-37.1425385092457816,-37.1424485165024976,-5.3497012062764497,-68.9352833766640174,-22.3058534643249402,-38.0068629901817872,-28.6291681395927355,-37.1424964120322727,-49.8597347540770102,-11.7094272742560861,-41.3815243472166685,-179.1366012075969820,-160.0747827358198379,-26.3041097528859780,-28.6644152083662505,-83.7715573012602022,-18.0715822298475075,-32.9026084598953332,-64.6962377337850398,-94.3695160407984304,-90.1304769281931613,-32.5382150080640429
-inf,-31.4825984106637691,-142.9055039452525762,-155.3155560268892259,-94.4094267455735690,-17.2732729145521944,-17.2731551418957565,-110.5268393027536717,-35.5422931558944981,-35.5422053810540888,-5.0938062922220126,-65.9906898325001521,-21.3329720026284804,-36.3893449715496899,-27.3907953266773347,-35.5422520023467143,-47.7217492060458994,-11.1846474368951476,-39.6020330248921937,-171.5330272213628859,-153.2763836536984741,-25.1730479086398873,-27.4226638027553236,-80.1996379282045950,-17.2778862602941388,-31.4817010881448027,-61.9308898566865764,-90.3494418378108435,-86.2896490988621281,-31.1477490553091911
-inf,-30.0667274002168483,-136.5937185254522319,-148.4476108101022191,-90.2228961640263378,-16.4830354199421834,-16.4829194327589619,-105.6366702208300126,-33.9476713040237712,-33.9475857286375913,-4.8398267297450275,-63.0554279241836184,-20.3639836045435061,-34.7761890392526425,-26.1567692139288113,-33.9476310963196113,-45.5908702601457776,-10.6625232371730760,-37.8286596926604943,-163.9515126195201447,-146.4979462606234506,-24.0449115962940425,-26.1855470892126903,-76.6387773291172607,-16.4875833904321780,-30.0659146253783831,-59.1743793190723864,-86.3416659238914690,-82.4606251636669185,-29.7605504456629717
-inf,-28.6557715127997312,-130.2979538640848887,-141.5984307097197643,-86.0483252001681080,-15.6961223952510522,-15.6960083302040516,-100.7593889535171456,-32.3584191915514623,-32.3583358152744722,-4.5878082775885503,-60.1289443871629032,-19.3987742872647857,-33.1670809031132308,-24.9269410026293201,-32.3583799395734388,-43.4667243457743666,-10.1430404083117196,-36.0611106585197376,-156.3904770226639585,-139.7380586579642454,-22.9196307368334260,-24.9528911819429595,-73.0882827698721371,-15.7005990735678154,-28.6550359870094269,-56.4261927838879842,-82.3453954153479231,-78.6426521721620588,-28.3764806644584837
-inf,-27.2495581441649790,-124.0171310798654076,-134.7667453186866169,-81.8849838922908475,-14.9124870969251901,-14.9123751052601108,-95.8941876518676963,-30.7743282670498104,-30.7742471073707407,-4.3378120779680387,-57.2107609944732758,-18.4372613595501775,-31.5617518292874024,-23.7011968807757967,-30.7742899883575944,-41.3489950324778874,-9.6262060215546796,-34.2991414186361681,-148.8485173920308853,-132.9954694895201897,-21.7971679220118517,-23.7245594521295402,-69.5475504425710938,-14.9168860328727249,-27.2488932470561167,-53.6858879758345324,-78.3599363289926600,-74.8350720976814614,-26.9954433219373300
-inf,-25.8479537442456149,-117.7503064833998678,-127.9514330449259205,-77.7322371607589844,-14.1321092295991662,-14.1319994782392939,-91.0403633897393547,-29.1952326361497967,-29.1951537282951961,-4.0899149166160669,-54.3004691896816780,-17.4793921811800317,-29.9599766501896170,-22.4794564396470378,-29.1951953560241861,-39.2374193509192537,-9.1120481825209367,-32.5425537286463964,-141.3243930223565030,-126.2690745086118227,-20.6775166151467431,-22.5004507246785863,-66.0160587888815940,-14.1364233920544677,-25.8473534679686736,-50.9530886893617776,-74.3846859641292326,-71.0373145944479347,-25.6173815352768486
-inf,-24.4508620341549658,-111.4966604607125191,-121.1515091221992861,-73.5895378424954174,-13.3549943333894703,-13.3548870061510740,-86.1973100848375680,-27.6210069442746828,-27.6209303412821328,-3.8442096132255585,-51.3977254620797908,-16.5251432159808473,-28.3615722454279648,-21.2616714215278648,-27.6209706958346430,-37.1317846725353888,-8.6006159190560822,-30.7911931520833946,-133.8170123236957352,-119.5579047644341131,-19.5606997167382985,-21.2804978297095602,-62.4933627079524854,-13.3592160584614419,-24.4503209249235738,-48.2274804981381067,-70.4191262715476114,-67.2488907009047807,-24.2422757027762259
-inf,-23.0582225752892214,-105.2554876928256817,-114.3661150299120663,-69.4564206150068912,-12.5811734019385142,-12.5810687008713558,-81.3645114438991186,-26.0515646461581696,-26.0514904191116727,-3.6008055386311923,-48.5022473687058664,-15.5745193502798429,-26.7663964360669979,-20.0478247641865437,-26.0515294705456029,-35.0319260799827248,-8.0919792477439785,-29.0449470302646660,-126.3254211396239270,-112.8611161807199892,-18.4467684624185608,-20.0646664714898577,-58.9790885321386327,-12.5852943365810006,-23.0577356813145116,-45.5088070766879014,-66.4628180774029147,-63.4693873632543841,-22.8701416397469757
-inf,-21.6700096521676073,-99.0261885210788932,-107.5945091142904175,-65.3324966856115452,-11.8107027122501904,-11.8106008591142313,-76.5415347850439503,-24.4868566182371126,-24.4867848566582325,-3.3598292564027474,-45.6138101176898090,-14.6275534522866906,-25.1743472381085951,-18.8379299117810319,-24.4868225648699820,-32.9377241678242854,-7.5862294084210191,-27.3037428241864859,-118.8487923737100118,-106.1779803219636165,-17.3358016234867023,-18.8529543819851995,-55.4729296656707334,-11.8147137529397526,-21.6695724772048095,-42.7968670542379641,-62.5153960431904352,-59.6984626659718174,-21.5010290484176778
-inf,-20.2862314342139314,-92.8082612807559144,-100.8360582185536032,-61.2174491310348685,-11.0436638496016997,-11.0435650874910039,-71.7280256012433028,-22.9268700739550582,-22.9268008863512023,-3.1214252876389708,-42.7322436342331002,-13.6843061505264529,-23.5853624230805963,-17.6320303647083847,-22.9268372008498034,-30.8491032180065758,-7.0834792577270491,-25.5675467833005428,-111.3864167126395159,-99.5078761574753230,-16.2279049821613626,-17.6453907294043120,-51.9746427895536272,-11.0475550756613643,-20.2858398960589739,-40.0915113272438361,-58.5765642521399172,-55.9358416647806962,-20.1350202954488964
-inf,-18.9069293839554859,-86.6012954324206703,-94.0902301380315293,-57.1110287778654993,-10.2801639123909467,-10.2800685075107481,-66.9237027349482787,-21.3716277444951004,-21.3715612590649187,-2.8857569987080751,-39.8574300344876633,-12.7448658112092801,-21.9994193343961797,-16.4301994426918725,-21.3715961186575214,-28.7660296977391567,-6.5838638139834984,-23.8363628987175389,-103.9376942432774058,-92.8502826417699794,-15.1232110547810521,-16.4420357541787325,-48.4840445406146614,-10.2839245134983344,-18.9065797773203599,-37.3926407608296358,-54.6460923175066000,-52.1813127225233302,-18.7722294707342314
-inf,-17.5321778802571657,-80.4049653220797609,-87.3565867186723608,-53.0130505162188115,-9.5203358827527893,-9.5202441263699029,-62.1283540359511335,-19.8211872886306253,-19.8211236541253299,-2.6530076125466451,-36.9893014341238313,-11.8093486954633988,-20.4165349079707141,-15.2325402362530440,-19.8211569865189290,-26.6885110287074667,-6.0875409466115684,-22.1102320996163257,-96.5021267634900823,-86.2047719322610533,-14.0218790366329813,-15.2429806059148518,-45.0010085742978845,-9.5239540801389921,-17.5318668435292864,-34.7002042108485398,-50.7238119100057929,-48.4347242501064557,-17.4128017002644526
-inf,-16.1620840251691789,-74.2190243971882637,-80.6347774132955237,-48.9233899368476841,-8.7643391492223657,-8.7642513597939455,-57.3418323720118792,-18.2756408952268430,-18.2755802819741859,-2.4233813449415038,-34.1278380172132643,-10.8778992776407506,-18.8367658445141899,-14.0391857215982725,-18.2756120032859428,-24.6165945759882447,-5.5946922039285312,-20.3892316513272362,-89.0793105817737114,-79.5710030612396508,-12.9240949418555999,-14.0483473549541600,-41.5254629191700815,-8.7678021100118428,-16.1618085106284468,-32.0141967972453472,-46.8096135997063243,-44.6959817528836538,-16.0569126839812668
-inf,-14.7967876021060079,-68.0432996970912427,-73.9245331009816482,-44.8419801769802575,-8.0123601677725276,-8.0122766932756520,-52.5640518558060421,-16.7351150407892248,-16.7350576418852199,-2.1971046680945392,-31.2730662879346824,-9.9506907057197793,-17.2602088794097313,-12.8502990131796651,-16.7350876560637687,-22.5503668031063285,-5.1055237736252650,-18.6734747121773239,-81.6689295906015786,-72.9487158702755210,-11.8300719111538513,-12.8582891515835627,-38.0573875270553117,-8.0156539118702028,-14.7965448492316227,-29.3346583565453329,-42.9034439029737200,-40.9650450783848328,-14.7047684271006176
-inf,-13.4364611514277499,-61.8776864233379911,-67.2256599606735108,-40.7688088520717997,-7.2646132473681746,-7.2645344678431627,-47.7949841421042265,-15.1997703623983114,-15.1997163950715048,-1.9744277048063168,-28.4250574224377033,-9.0279253842040816,-15.6870010942388376,-11.6660737268027503,-15.1997445932240396,-20.4899525363700263,-4.6202675706454954,-16.9631100036962437,-74.2707483823601251,-66.3377250010990451,-10.7400506589549423,-11.6729905046958322,-34.5968119160764331,-7.2677225462316244,-13.4362486629691205,-26.6616719965380184,-39.0053024173867016,-37.2419257540522608,-13.3566051304058249
-inf,-12.0813101274487451,-55.7221423789629853,-60.5380331721167977,-36.7039149405545686,-6.5213414459567787,-6.5212677762841338,-43.0346546370010401,-13.6698016038044159,-13.6697513109650970,-1.7556257579652765,-25.5839256317275385,-8.1098356591897414,-14.1173202122749046,-10.4867344245028278,-13.6697775705855804,-18.4355142774920751,-4.1391824477507271,-15.2583215457067354,-66.8846051566325741,-59.7379137193524343,-9.6543000304002646,-10.4926676501885083,-31.1438127956016615,-6.5242497125213674,-12.0811256479833844,-23.9953626702767906,-35.1152389179754323,-33.5266842945849817,-12.0126892018976719
-inf,-10.7315730990621319,-49.5766820482130015,-53.8615901978180318,-32.6473854778914188,-5.7828175629909992,-5.7827494559244599,-38.2831384480091970,-12.1454375900383980,-12.1453912420205654,-1.5410009819393053,-22.7498264397017351,-7.1966845848657783,-12.5513848192726698,-9.3125371110360220,-12.1454154261156191,-16.3872514993619234,-3.6625555250987816,-13.5593284048263740,-59.5104041457675521,-53.1492273284615635,-8.5731176376956171,-9.3175689781218693,-27.6985115533244084,-5.7855067319307807,-10.7314145957945470,-21.3358956803505748,-31.2333502779129617,-29.8194273488552426,-10.6733173495127289
-inf,-9.3875219553297313,-43.4413700723229113,-47.1963233819623156,-28.5993519068198907,-5.0493452156769081,-5.0492831651563108,-33.5405558922864770,-10.6269411845094623,-10.6268990810210084,-1.3308842052088607,-19.9229547749180256,-6.2887667512599705,-10.9894544514901042,-8.1437697514474223,-10.6269210371249017,-14.3453998567794088,-3.1907036370697313,-11.8663844029638312,-52.1481072657329605,-46.5716659134505448,-7.4968305455060431,-8.1479754873696777,-24.2610714772268921,-5.0517956130742618,-9.3873876009166963,-18.6834750193974628,-27.3597770679434689,-26.1203045480590959,-9.3388167131674322
-inf,-8.0494620788627458,-37.3163138682041335,-40.5422715921129111,-24.5599859262966334,-4.3212599889513967,-4.3212045337238010,-28.8070673744560963,-9.1146091836540108,-9.1145716559512380,-1.1256369175434884,-17.1035427729519256,-5.3864091554726485,-9.4318294964765812,-6.9807527809563226,-9.1145912150226991,-12.3102302439297659,-2.7239748979629610,-10.1797777331201758,-44.7977246875580022,-40.0052761446489171,-6.4257959773351558,-6.9842012383626013,-20.8316945821238164,-4.3234501903243938,-8.0493502360828018,-16.0383414514756737,-23.4946996848213985,-22.4295049131510495,-8.0095449954366416
-inf,-6.7177324554569680,-31.2016551426038404,-33.8995106349310618,-20.5294946871842399,-3.5989306548364652,-3.5988823824176848,-24.0828674510373730,-7.6087721098357690,-7.6087395231390076,-0.9256534406745516,-14.2918571917685995,-4.4899721042824012,-7.8788508607514700,-5.8238395839567261,-7.6087564983299387,-10.2820476359843269,-2.2627503938246036,-8.4998304354185166,-37.4593040300910616,-33.4501418766874963,-5.3604020206926464,-5.8265937801541838,-17.4106179160310148,-3.6008373303131975,-6.7176416635577993,-13.4007702444893653,-19.6383338645833305,-18.7472526851365728,-6.6858905555482977
-inf,-5.3927057006886230,-25.0975600853789729,-27.2681422099743713,-16.5081152054721656,-2.8827604667055482,-2.8827200177206294,-19.3681779240172887,-6.1097938761132298,-6.1097666322906719,-0.7313633092803968,-11.4881963605507167,-3.5998501465714980,-6.3308993748052842,-4.6734169304458533,-6.1097808175752562,-8.2611896671745626,-1.8074460165283881,-6.8268976999017923,-30.1329179103380511,-26.9063733107553276,-4.3010683203276869,-4.6755345396194343,-13.9981092419877200,-2.8843582119448286,-5.3926346632756292,-10.7710684812034856,-15.7909254585362646,-15.0738024632099155,-5.3682724434836473
-inf,-4.0747880062262709,-19.0042080961807187,-20.6482812412619978,-12.4961079131235806,-2.1731885498788870,-2.1731566228242514,-14.6632398624736879,-4.6180713203057167,-4.6180498608481173,-0.5432338997007093,-8.6928866194158445,-2.7164730516584257,-4.7883949334770932,-3.5299053784136163,-4.6180610294992448,-6.2480249267562726,-1.3585144694737608,-5.1613669881883197,-22.8186496703245894,-20.3740945628816803,-3.2482467684287144,-3.5314391808770722,-10.5944620341049927,-2.1744497011028443,-4.0747355805677898,-8.1495719116105647,-11.9527443974106973,-11.4094335815137811,-4.0571403729881013
-inf,-2.7644190440656757,-12.9217790263436427,-14.0400415635241416,-8.4937493538736248,-1.4706914337364765,-1.4706687902177578,-9.9683045517660958,-3.1340336445783237,-3.1340184539017173,-0.3617733575549096,-5.9062782713035062,-1.8403068767438242,-3.2517954128922497,-2.3937596827967695,-3.1340263567953457,-4.2429510031119548,-0.9164474930042275,-3.5036570082225751,-15.5165772500971570,-13.8534296166833997,-2.2024222313725090,-2.3947579751480532,-7.1999898021523450,-1.4715858649644247,-2.7643842317133362,-5.5366413699277359,-8.1240778529951285,-7.7544437358302503,-2.7529746677987816
-inf,-1.4620719193912919,-6.8504391208027187,-7.4435201591858231,-4.5013241685103367,-0.7757848038970963,-0.7757722744013904,-5.2836235289186675,-1.6581418547290241,-1.6581334638395617,-0.1875338923980223,-3.1287411662688100,-0.9718552054940233,-1.7215954680887364,-1.2654692985830138,-1.6581378275703855,-2.2463923805809713,-0.4817783828100062,-1.8542166397816402,-8.2267554174604811,-7.3444868554749405,-1.1641133970884425,-1.2659762682897622,-3.8150198770809993,-0.7762797041463898,-1.4620538580265361,-2.9326588729858258,-4.3052227383345212,-4.1091419978139356,-1.4562862679947273
-inf,0.0000000000000000,0.0000000000000000,0.0000000000000000,0.0000000000000000,0.0000000000000000,0.0000000000000000,0.0000000000000000,0.0000000000000000,0.0000000000000000,0.0000000000000000,0.0000000000000000,0.0000000000000000,0.0000000000000000,0.0000000000000000,0.0000000000000000,0.0000000000000000,0.0000000000000000,0.0000000000000000,0.0000000000000000,0.0000000000000000,0.0000000000000000,0.0000000000000000,0.0000000000000000,0.0000000000000000,0.0000000000000000,0.0000000000000000,0.0000000000000000,0.0000000000000000,0.0000000000000000
