-4.7055318403442969,-357.5014675689714068,-1338.7119600917553726,-1912.9801349688282244,-2021.4552513217904561,-1876.4499488720068712,-2058.7812498916578079,-2854.7455170098751296,-2768.1656330351165707,-2994.2173946232283015,-3018.2118126684199524,-3575.4972063361724395,-3578.1246588290309774,-3869.0104766939684851,-4037.4757670929498090,-4301.6205434640241947,-4608.5194036871571370,-4621.2429103061831484,-4977.5976591234884836,-6086.5065445533691673,-6519.3426204079341915,-6173.0324877768798615,-6393.6006798019134294,-6950.2472407046116132,-6865.8139121944377621,-7141.9083055929168040,-7560.8868445835541934,-8038.7115210696356371,-8368.9839683315185539,-8645.7764405369816814
-4.6280615067038147,-339.3542762312079617,-1258.9439218362495012,-1824.8103461719272218,-1967.1670509547739130,-1865.0748261196174553,-2047.4069324501015217,-2793.2716111312247449,-2746.6260491888797333,-2972.6841860665222157,-3013.6129991715283722,-3537.0232232565572303,-3564.4907657049739100,-3848.0224805631128220,-4021.7092392451750129,-4280.0833927841695186,-4580.2081048238342191,-4613.2559414417282824,-4953.7993029408416987,-5990.3190011337046599,-6432.3019347743138496,-6158.2595451419929304,-6376.5790583476618849,-6904.0316340821136691,-6854.4387869544434579,-7122.9578142872196622,-7524.6652528813383469,-7986.6802473258321697,-8319.2098024848546629,-8627.6192030304864602
-4.5514541577987071,-330.4320385548274430,-1219.7417120775101012,-1781.6050997357490360,-1940.5482700888171621,-1859.4648312480269396,-2041.7971010573905914,-2762.9986032737374444,-2736.0401190666707407,-2962.0995541579682140,-3011.3202948907505743,-3518.1453646582422152,-3557.7750072251928941,-3837.5977374895442154,-4013.8594042651843665,-4269.4979566302936291,-4566.3058178727851555,-4609.3045912849638626,-4942.1076087960645964,-5943.1056084323045070,-6389.6495171912465594,-6150.9803935796935548,-6368.2047410812019734,-6881.3207215853544767,-6848.8287897812715528,-7113.5603750796599343,-7506.8918590020057309,-7961.1668552298297072,-8294.8018364912604738,-8618.6856233848084230
-4.4757881943394171,-324.2658232014389910,-1192.6892223101283435,-1751.8307069589016010,-1922.1946435281217873,-1855.5771885605038278,-2037.9095285251380574,-2742.0779904968994742,-2728.7262493250555053,-2954.7862417159808501,-3009.7168037921755968,-3505.1216732039747512,-3553.1259806801494960,-3830.3614044532505432,-4008.3943866958998115,-4262.1842987867903503,-4556.7081971909483400,-4606.5590237928299757,-4934.0323550063385483,-5910.5311671518966250,-6360.2557966601598309,-6145.9393223413117084,-6362.4136758571630708,-6865.6485673054739891,-6844.9411446453686949,-7107.0455783321940544,-7494.6289938816689755,-7943.5744517642606297,-8277.9706721366455895,-8612.5070080164441606
-4.4011491383890311,-319.4449704003873762,-1171.5731352218895154,-1728.6101163711384743,-1907.8742775753582919,-1852.5302598493647110,-2034.8626387217891534,-2725.7301427941461043,-2723.0092555779042414,-2949.0695569249219261,-3008.4499185934919296,-3494.9548796490626046,-3549.4857041689406287,-3824.6897090767383816,-4004.0964596985609205,-4256.4674224736572796,-4549.2113819815094757,-4604.4021161963146369,-4927.7220133421214996,-5885.1035179437703846,-6337.3318717024403668,-6141.9901291565956853,-6357.8833981674042661,-6853.4142575929372470,-6841.8942132850843336,-7101.9434442987931106,-7485.0552391107994481,-7929.8473445880026702,-8264.8368325746178016,-8607.6726476623225608
-4.3276302799835298,-315.4218552271547651,-1153.9775766530344754,-1709.2733126637972418,-1895.9441375018502640,-1849.9817762438231057,-2032.3141797926441541,-2712.0955571997051265,-2718.2387751117339576,-2944.2992722304379640,-3007.3827663577308158,-3486.4812665692779774,-3546.4434434958093334,-3819.9486356259458262,-4000.4912000075050855,-4251.6970164073136402,-4542.9597108178468261,-4602.5942975813923113,-4922.4577557236634675,-5863.9128941908311390,-6318.2419537320383824,-6138.6877918648388004,-6354.1004848547054280,-6843.2182999925926197,-6839.3457267999583564,-7097.6806105926552846,-7477.0752073570301945,-7918.4109252574216953,-8253.8941395413803548,-8603.6348350706066412
-4.2553333824213571,-311.9259105252791073,-1138.7075056781341118,-1692.5008461666807307,-1885.5922870264225821,-1847.7626223216525432,-2030.0950428774651755,-2700.2538975590073278,-2714.0934386251283286,-2940.1540704781264139,-3006.4477342640657298,-3479.1257602882210449,-3543.7962490331497065,-3815.8236676011911186,-3997.3437362255062908,-4247.5517311195089860,-4537.5303492955208640,-4601.0172038192649779,-4917.8843786281231587,-5845.5209429465558060,-6301.6835079234051591,-6135.8123855377889413,-6350.8112384633650436,-6834.3687154194476534,-6837.1265697423068559,-7093.9729700982579743,-7470.1476069797872697,-7908.4870766383910450,-8244.3982965550694644,-8600.1229074034708901
-4.1843694515368863,-308.8034883138990949,-1125.0835708238114421,-1677.5431879682437284,-1876.3575051357963730,-1845.7767532785394451,-2028.1091862395564931,-2689.6817208094385023,-2710.3907090171987875,-2936.4514389504579412,-3005.6064390467272460,-3472.5616942269234642,-3541.4288554618660783,-3812.1356487705970721,-3994.5205140570205913,-4243.8490387803840349,-4532.6831163055521756,-4599.6036208682553479,-4913.8001244322094863,-5829.1103517686860869,-6286.9166145954723106,-6133.2389744907441127,-6347.8715645283009508,-6826.4722817583560754,-6835.1406972824070181,-7090.6588506606467490,-7463.9649675285154444,-7899.6337911931150302,-8235.9265102575282071,-8596.9831111327621329
-4.1148595747526997,-305.9589452950975215,-1112.6824262143991291,-1663.9335279214112688,-1867.9525505090257411,-1843.9643742933401427,-2026.2968166840375943,-2680.0527040805523029,-2707.0169208658530806,-2933.0777251523895757,-3004.8349996228525924,-3466.5856315281939715,-3539.2694967140505469,-3808.7727733438014184,-3991.9383157757179106,-4240.4752788819841953,-4528.2684419801735203,-4598.3117107696689345,-4910.0793564629129833,-5814.1719456923347025,-6273.4804487075571160,-6130.8897455257629190,-6345.1917409729558130,-6819.2840455585810560,-6833.3283145723908092,-7087.6374456320454556,-7458.3358104736635141,-7891.5757951166860948,-8228.2154747329714155,-8594.1196881686682900
-4.0469358362280374,-303.3287229074311995,-1101.2223917899725620,-1651.3614142755905050,-1860.1864028812551624,-1842.2857406922018981,-2024.6181904797672360,-2671.1496517762334406,-2703.8965000868174684,-2929.9573624920130896,-3004.1175575950414895,-3461.0622898884062124,-3537.2704660236581731,-3805.6605729249977230,-3989.5417934696579323,-4237.3548801878059749,-4524.1868713438907434,-4597.1136719808382622,-4906.6385385412422693,-5800.3669997754432188,-6261.0685392824816518,-6128.7129483507969780,-6342.7121183918034149,-6812.6410803507351375,-6831.6496769097284414,-7084.8416642714064437,-7453.1328081281280902,-7884.1300280751802347,-8221.0900897942265146,-8591.4689557427645923
-3.9807423149909256,-300.8684657347404823,-1090.5065927013924920,-1639.6099527338681128,-1852.9256170584267238,-1840.7131067859893392,-2023.0455625219763078,-2662.8207216026553397,-2700.9766662901206473,-2927.0375752218633352,-3003.4430570768190591,-3455.8971690262997072,-3535.3984544343288690,-3802.7469638216484782,-3987.2922897876260322,-4234.4350640722677781,-4520.3689375405474493,-4595.9901037064200864,-4903.4193270083233074,-5787.4587989333886071,-6249.4667735149714645,-6126.6724293534552999,-6340.3910432362499705,-6806.4295533250879089,-6830.0770385742607687,-7082.2246157506770032,-7448.2670188611673439,-7877.1686068035305652,-8214.4280342384590767,-8588.9864243493211688
-3.9164361735617956,-298.5460228126834750,-1080.3920490782170418,-1628.5216833403978853,-1846.0733244981590815,-1839.2263513651362246,-2021.5588119828096296,-2654.9556204792397693,-2698.2191208699991876,-2924.2800677665259172,-3002.8034951244740114,-3451.0216776654074238,-3533.6293013151180276,-3799.9941062653906556,-3985.1617581802338464,-4231.6775330812097309,-4516.7642258761015910,-4594.9269438616374828,-4900.3793838357942150,-5775.2754453048337382,-6238.5197110945064196,-6124.7419450903626057,-6338.1982959442666470,-6800.5668262367598800,-6828.5902783227311375,-7079.7522556020066986,-7443.6738878239611950,-7870.5987013081630721,-8208.1405167073371558,-8586.6397984332925262
-3.8541888452527235,-296.3373763022327694,-1070.7716851994935041,-1617.9787274032801179,-1839.5570163029851756,-1837.8104326851225778,-2020.1428973778263298,-2647.4717454322158119,-2695.5952111709657402,-2921.6561895329041363,-3002.1929039356555222,-3446.3844803081910868,-3531.9449402748705324,-3797.3736601760620033,-3983.1292231870693286,-4229.0536353428678922,-4513.3350112346843162,-4593.9136876642223797,-4897.4870317205886749,-5763.6882160265404309,-6228.1109856358852994,-6122.9018541697560067,-6336.1112732910760315,-6794.9910394595081016,-6827.1743543739603410,-7077.3991029099379375,-7439.3051021534720348,-7864.3508267453289591,-8202.1610764691013173,-8584.4049043351096770
-3.7941873290627388,-294.2241411754040996,-1061.5632747594847842,-1607.8905923692514079,-1833.3210387267563419,-1836.4538252372801708,-2018.7862933818528290,-2640.3056651826527741,-2693.0829600701404161,-2919.1439648507071070,-3001.6067257459435496,-3441.9461818578456587,-3530.3315232244085564,-3794.8638668287685505,-3981.1786049215029379,-4226.5413942863469856,-4510.0523497926278651,-4592.9422934680324033,-4894.7179709585243472,-5752.5982670038520155,-6218.1512658930178077,-6121.1370855028890219,-6334.1126434122970750,-6789.6547127572785030,-6825.8177411793521969,-7075.1456072938117359,-7435.1235879487085185,-7858.3716515327441812,-8196.4387041457885061,-8582.2631891534783790
-3.7366356018914928,-292.1919605744944874,-1052.7023417531434006,-1598.1863423991344462,-1827.3217752231516897,-1835.1475162107656161,-2017.4799873173742526,-2633.4076482794598633,-2690.6651589979910568,-2916.7261862032787576,-3001.0414115850448979,-3437.6759151080623269,-3528.7782160737529011,-3792.4476729876214449,-3979.2973217723556445,-4224.1236017422115765,-4506.8935698959849105,-4592.0064803720479176,-4892.0531717002268124,-5741.9280951877544794,-6208.5705267081057173,-6119.4358341982679121,-6332.1888403680359261,-6784.5206363588440581,-6824.5114258845478616,-7072.9764573005804777,-7431.1002983205253258,-7852.6193801022182015,-8190.9334251760574261,-8580.2001151793574536
-3.6817561586667500,-290.2294376588429259,-1044.1374311542033411,-1588.8093835930885689,-1821.5244374802909988,-1833.8843371456464411,-2016.2168108238288369,-2626.7380168134163796,-2688.3280978491170572,-2914.3891442672065750,-3000.4941540914492180,-3433.5490678715009381,-3527.2763966646739391,-3790.1114801773419458,-3977.4753594315998271,-4221.7865479022329964,-4503.8406009023410661,-4591.1012604541629116,-4889.4774701413462026,-5731.6158511031635499,-6199.3129010921638837,-6117.7886932416431591,-6330.3290615032183268,-6779.5591339199654612,-6823.2482399821783474,-7070.8794530581171784,-7427.2120741189128239,-7847.0606776176246058,-8185.6133582202301113,-8578.2040907041136961
-3.6297916919316964,-288.3274023877166314,-1035.8268591943146930,-1579.7138812525422509,-1815.9008607600289906,-1832.6585047897467575,-2014.9909807247709068,-2620.2646401701226750,-2686.0606924163143958,-2912.1217554284062317,-2999.9627039845067884,-3429.5457214484677024,-3525.8191037558012795,-3787.8442845855115593,-3975.7046311181861711,-4219.5191487846213931,-4500.8788250585948845,-4590.2226174355573676,-4886.9786040848448465,-5721.6114307007537718,-6190.3331434199371870,-6116.1880571719539148,-6328.5245786305549700,-6774.7461819068685145,-6822.0224001683509414,-7068.8447313600763664,-7423.4401742007094072,-7841.6685571622801945,-8180.4526941981275741,-8576.2657356294494093
-3.5810069234725246,-286.4783948397760014,-1027.7364201199322906,-1570.8622319172063726,-1810.4279483042732863,-1831.4652971414147942,-2013.7977750774259675,-2613.9611658719568368,-2683.8538687229138304,-2909.9149461683819027,-2999.4452405808315234,-3425.6495488168948214,-3524.4006482408458396,-3785.6370696607809805,-3973.9785260552216641,-4217.3123305868593889,-4497.9962673984055073,-4589.3672799601890802,-4884.5465324487777252,-5711.8737173242225253,-6181.5941338775992335,-6114.6277015210171157,-6326.7682520155258317,-6770.0620825311261797,-6820.8291843850120131,-7066.8642186420174767,-7419.7692384023584964,-7836.4208889542696852,-8175.4302703149369336,-8574.3773634561021026
-3.5356906016927336,-284.6762928638211179,-1019.8377302786177552,-1562.2232380953350912,-1805.0865481383477800,-1830.3008195238896860,-2012.6332992516490776,-2607.8057416288438617,-2681.7001184755640679,-2907.7612085534569815,-2998.9402782830834440,-3421.8470190697426005,-3523.0163324181726239,-3783.4823671823705808,-3972.2915833791548721,-4215.1585851523313977,-4495.1830108067524634,-4588.5325578762585792,-4882.1729439142609408,-5702.3685899923693796,-6173.0650765946738829,-6113.1024793086908176,-6325.0541794411765295,-6765.4905054822911552,-6819.6646978938979373,-7064.9312358323604712,-7416.1865387614670908,-7831.2993239441057085,-8170.5285404542146352,-8572.5326074132572103
-3.4941576796651819,-282.9160384689092780,-1012.1070079296132462,-1553.7707633369882387,-1799.8606254353289842,-1829.1618321696182647,-2011.4943135174250983,-2601.7800732496980345,-2679.5931714615730925,-2905.6542726573561595,-2998.4465976222836616,-3418.1268111720723937,-3521.6622430891238764,-3781.3739335548466443,-3970.6392517846543342,-4213.0516423772596681,-4492.4307649774164020,-4587.7162215494208795,-4879.8508948368089477,-5693.0674555872210476,-6164.7201719601152945,-6111.6080975057329852,-6323.3774375791226703,-6761.0177817649782810,-6818.5257008603821305,-7063.0402070389727669,-7412.6814277551484338,-7826.2885006578089815,-8165.7328165004146285,-8570.7261451006452262
-3.4567516901254276,-281.1934333848371352,-1004.5241579523346900,-1545.4827233975365743,-1794.7366416623681289,-1828.0456208001410232,-2010.3781036270120239,-2595.8687175929717341,-2677.5277497343045070,-2903.5888607644665171,-2997.9631934340527550,-3414.4793741468874941,-3520.3350962724712190,-3779.3065067464426647,-3969.0177091343657594,-4210.9862244028890927,-4489.7325430148512169,-4586.9164112407206630,-4877.5745375662781953,-5683.9461476679789484,-6156.5376207187764521,-6110.1409493878572903,-6321.7338879070230178,-6756.6323739210956774,-6817.4094789328582920,-7061.1864408804467530,-7409.2449243600158297,-7821.3754502035344558,-8161.0306992063306097,-8568.9534920291935123
-3.4238473351183480,-279.5049840748452539,-997.0720741479811977,-1537.3403172517942039,-1789.7030812756331670,-1826.9498978414428620,-2009.2823820319215429,-2590.0585432686357308,-2675.4993801246428120,-2901.5604998941844315,-2997.4892352098904666,-3410.8965917253185580,-3519.0321187077952345,-3777.2756207744237145,-3967.4237248259541957,-4208.9578581318455690,-4487.0824148189758489,-4586.1315678897763064,-4875.3389132463526039,-5674.9840869676327202,-6148.4988648420612662,-6108.6979867049140012,-6320.1200286448502084,-6752.3244721116116125,-6816.3137444575322661,-7059.3659636358652278,-7405.8693984358069429,-7816.5491426748076265,-8156.4116443049579175,-8567.2108442916378408
-3.3958533095848997,-277.8477827937024927,-989.7360997132570901,-1529.3274324727151452,-1784.7500856534670675,-1825.8727258525916568,-2008.2052113127629127,-2584.3383132929920976,-2673.5042491036947467,-2899.5653766730720236,-2997.0240362364706925,-3407.3715228978417144,-3517.7509560472635712,-3775.2774620011309707,-3965.8545531943254900,-4206.9627300944312083,-4484.4753162439992593,-4585.3603793986048913,-4873.1397914403505638,-5666.1636321582045639,-6140.5880005258622987,-6107.2766207111699259,-6318.5328800919742207,-6748.0856816688183244,-6815.2365599064723938,-7057.5753900258359863,-7402.5483265483599098,-7811.8001363178545944,-8151.8666269112609370,-8565.4949568968095264
-3.3732153798873967,-276.2194153643436039,-982.5036044916604396,-1521.4301793670028928,-1779.8691661890593423,-1824.8124572917452042,-2007.1449439461473503,-2578.6983577912669716,-2671.5390888620872829,-2897.6002234212000985,-2996.5670291527994777,-3403.8981984656811619,-3516.4896006912636039,-3773.3087562653799978,-3964.3078497727151444,-4204.9975725306012464,-4481.9068993916325780,-4584.6017382930413078,-4870.9735442801274985,-5657.4695711431531890,-6132.7913182923603017,-6105.8746444145299392,-6316.9698945676955191,-6743.9087781616244683,-6814.1762776429513906,-7055.8118217311093758,-7399.2761005014563125,-7807.1203025526547208,-8147.3878784717744566,-8563.8030483750262647
-3.3564197401305402,-274.6178890791127287,-975.3636496805220304,-1513.6365215694709150,-1775.0529766529216431,-1823.7676864467885025,-2006.1001742360128901,-2573.1303141484331718,-2669.6010867106197111,-2895.6622275581239592,-2996.1177462341938735,-3400.4714594900460725,-3515.2463342679438938,-3771.3666790627639784,-3962.7816046102279870,-4203.0595727926393010,-4479.3734136622142614,-4583.8547078298870474,-4868.8370464155859736,-5648.8887176485586679,-6125.0969383111487332,-6104.4901706197142630,-6315.4288847144807733,-6739.7875130004631501,-6813.1314918513826342,-7054.0727666296770622,-7396.0478753052566390,-7802.5026077850270667,-8142.9686780264255503,-8562.1327249874411791
-3.3459966711546776,-273.0415759953901329,-968.3067189037146818,-1505.9359798700993451,-1770.2951305170297474,-1822.7372105182198538,-2005.0696993970402673,-2567.6269183534463991,-2667.6878121145091427,-2893.7489586412098106,-2995.6758031742892854,-3397.0868274885006031,-3514.0196811497544331,-3769.4487831630940491,-3961.2740884617469419,-4201.1463003809531074,-4476.8716100927513253,-4583.1184944291562715,-4866.7275944824859835,-5640.4095877784511686,-6117.4945180108434215,-6103.1215818524251517,-6313.9079656652038466,-6735.7164573689378813,-6812.1009996194188716,-7052.3560736927838661,-7392.8594470291600373,-7797.9409382959929644,-8138.6031846632067754,-8560.4819197296383209
-3.3425245292689656,-271.4891681731396034,-961.3245002028090767,-1498.3193922648715670,-1765.5900527581097776,-1821.7199976383003559,-2004.0524875742185031,-2562.1818356305798261,-2665.7971571873290486,-2891.8583088627274265,-2995.2408854543486996,-3393.7403989361087042,-3512.8083703558904745,-3767.5529395452376775,-3959.7838087758027541,-4199.2556474392167729,-4474.3986635029596073,-4582.3924248681078097,-4864.6428414795555000,-5632.0221379798622365,-6109.9750151898497279,-6101.7674892899203769,-6312.4055077707416785,-6731.6908755326194296,-6811.0837689562613377,-7050.6598798246495789,-7389.7071535371042046,-7793.4299581609084271,-8134.2863015532102509,-8558.8488425933301187
-3.3466340941699020,-269.9596423087148764,-954.4097075034530917,-1490.7787176306892434,-1760.9328583712040199,-1820.7151601765317537,-2003.0476511486560867,-2556.7895215365533659,-2663.9272875454612404,-2889.9884439067823223,-2994.8127366161143073,-3390.4287585499264424,-3511.6113038686721666,-3765.6772885897357810,-3958.3094731948012850,-4197.3857796097599930,-4471.9521083841209474,-4581.6759270701968489,-4862.5807426336341450,-5623.7175506722869613,-6102.5304941875783697,-6100.4266985622280117,-6310.9200974328323355,-6727.7066208904743689,-6810.0789120972176534,-7048.9825658855488655,-7386.5877929127582320,-7788.9649927514810770,-8130.0135644411238900,-8557.2319394548812852
-3.3590133080693012,-268.4522318700534242,-947.5559329886857540,-1483.3068735885390197,-1756.3192517732409215,-1819.7219320908009195,-2002.0544240889942103,-2551.4451069169481343,-2662.0766011977375456,-2888.1377618409146635,-2994.3911479206517470,-3387.1489072151312030,-3510.4275298821526121,-3763.8201992334079478,-3956.8499588511340335,-4195.5350949239609690,-4469.5297854824057140,-4580.9685136098132716,-4860.5395101864078242,-5615.4880572473375651,-6095.1539658008241531,-6099.0981808225969871,-6309.4505041989705205,-6723.7600497974190148,-6809.0856628538385849,-7047.3227198260256046,-7383.4985556825295134,-7784.5419322413745249,-8125.7810492528915347,-8555.6298576119879726
-3.3804124408503364,-266.9664053034914559,-940.7575238683630232,-1475.8976013816409250,-1751.7454426724038967,-1818.7396493820090200,-2001.0721424062576261,-2546.1443017005203728,-2660.2436937033698996,-2886.3048582755977804,-2993.9759490008013927,-3383.8982014006123791,-3509.2562198574951253,-3761.9802343417177326,-3955.4042861548546171,-4193.7021889607713092,-4467.1297967601067285,-4580.2697672655722272,-4858.5175751524848238,-5607.3267906115797814,-6087.8392538636790050,-6097.7810478741484985,-6307.9956527189924600,-6719.8479493790473498,-6808.1033570674580915,-7045.6791053574970647,-7380.4369678782768460,-7780.1571508744573293,-8121.5852947628300171,-8554.0414164624671685
-3.4116497190977331,-265.5018492292265933,-934.0094785736162066,-1468.5453522866828280,-1747.2080750260665809,-1817.7677329407822526,-2000.1002270007516017,-2540.8833136974444642,-2658.4273282553876925,-2884.4884964489401682,-2993.5669992167754572,-3380.6743016555797112,-3508.0966485334279241,-3760.1561209739634251,-3953.9715960842763707,-4191.8858249306349535,-4464.7504669710770031,-4579.5793281211717840,-4856.5135545655411988,-5599.2276612894729624,-6080.5808830792402659,-6096.4745304380703601,-6306.5545985011694938,-6715.9674764550909458,-6807.1314154547071666,-7044.0506349632541969,-7377.4008426848822637,-7775.8074387586957528,-8117.4232372234873765,-8552.4655821803880826
-3.4536174601257246,-264.0584558008545173,-927.3073585611397220,-1461.2451913440459066,-1742.7041664997684620,-1816.8056732590578122,-1999.1381683738059110,-2535.6587794610563833,-2656.6264096743875598,-2882.6875812214666439,-2993.1641795129994534,-3377.4751283423679524,-3506.9481762561094911,-3758.3467245405836366,-3952.5511302380205052,-4190.0849076696340489,-4462.3903105099607274,-4578.8968818493021899,-4854.5262230886210091,-5591.1852524845899097,-6073.3739839432791996,-6095.1779588835725008,-6305.1265066695350470,-6712.1161053657806406,-6806.1693283178119600,-7042.4363463480276550,-7374.3882389526906991,-7771.4899437066596875,-8113.2921545876270102,-8550.9014455266969890
-3.5072887556725831,-262.6363135953807841,-920.6472127787465070,-1453.9927151419383335,-1738.2310564376302864,-1815.8530166324374022,-1998.1855128302649973,-2530.4677049460674425,-2654.8399615558664664,-2880.9011362242949872,-2992.7673846571819922,-3374.2988231911613184,-3505.8102331692789448,-3756.5510261078925396,-3951.1422131062399785,-4188.2984607871467233,-4460.0480025233928245,-4578.2221489320145338,-4852.5544881463411002,-5583.1947305293970203,-6066.2142115372807893,-6093.8907459300944538,-6303.7106331357426825,-6708.2915830105930581,-6805.2166417455264309,-7040.8353816580756757,-7371.3974252653624717,-7767.2021212179752183,-8109.1896185027007959,-8549.3482021575582621
-3.5737247537639183,-261.2357015513188117,-914.0255125445236217,-1446.7839811554981679,-1733.7863608446270973,-1814.9093526195802042,-1997.2418499379950845,-2525.3074142457421658,-2653.0671060376007517,-2879.1282836272239365,-2992.3765158277574301,-3371.1437156196398064,-3504.6823049643421655,-3754.7681023270142759,-3949.7442361956859713,-4186.5256064334907933,-4457.7223535498169440,-4577.5548746837694125,-4850.5973679780618113,-5575.2517679858292468,-6059.0976757252674361,-6092.6123710020783619,-6302.3063077851766138,-6704.4918898342384637,-6804.2729450709939556,-7039.2469690077032283,-7368.4268485965585569,-7762.9416911708121916,-8105.1134527115027595,-8547.8051349923698581
-3.6540825913873372,-259.8570855843198615,-907.4390951278319335,-1439.6154467282749465,-1729.3679332659633019,-1813.9743026543872020,-1996.3068011401685453,-2520.1755051180462033,-2651.3070458434876855,-2877.3682261831563665,-2991.9914736050118336,-3368.0082930469120583,-3503.5639200329542291,-3752.9971076523524971,-3948.3566437991748899,-4184.7655473439954221,-4455.4122871847948772,-4576.8948200526920118,-4848.6539722138841171,-5567.3524772930222753,-6052.0208808684383257,-6091.3423660671014659,-6300.9129194401293717,-6700.7152058321726145,-6803.3378594822579544,-7037.6704060239717364,-7365.4751068661716999,-7758.7066001608063743,-8101.0616968505828481,-8546.2715983764737757
-3.7496240350905148,-258.5011176004981053,-900.8851147664364589,-1432.4839162775647310,-1724.9738307814179734,-1813.0475098349315886,-1995.3800095442588827,-2515.0698103777203869,-2649.5590484368790385,-2875.6202313819317169,-2991.6121515171203100,-3364.8911746838984982,-3502.4546380036272240,-3751.2372586905171374,-3946.9789203495729453,-4183.0175509925275037,-4453.1168204775603954,-4576.2417532876106634,-4846.7234847619147331,-5559.4933533911353152,-6044.9806736603077297,-6090.0803029328535558,-6299.5299025178910597,-6696.9598809427034212,-6802.4110278093667148,-7036.1050452867211789,-7362.5409249533486218,-7754.4949887477023367,-8097.0325749491239549,-8544.7470039375220949
-3.8617248914350060,-257.1686366985632048,-894.3610001974517445,-1425.3864957090013377,-1720.6022846128441870,-1812.1286300368051343,-1994.4611310354091529,-2509.9883645375603010,-2647.8224322772630330,-2873.8836177074322222,-2991.2384303913272561,-3361.7910885004625925,-3501.3540397758556537,-3749.4878206804405636,-3945.6105794384352521,-4181.2809358483327742,-4450.8350469501565385,-4575.5954426698517636,-4844.8051489627678166,-5551.6712241836175963,-6037.9741980848775711,-6088.8257821142869943,-6298.1567254460087497,-6693.2244094440902700,-6801.4921056357443376,-7034.5502816932266796,-7359.6231339379819474,-7750.3051631420939884,-8093.0244681948515790,-8543.2308081861992832
-3.9918852544323569,-255.8606724083618644,-887.8644179934186695,-1418.3205533563339031,-1716.2516750777972447,-1811.2173246120275962,-1993.5498269752617944,-2504.9293753370670856,-2646.0965553163309778,-2872.1577431340119801,-2990.8701738548038520,-3358.7068512558889779,-3500.2617192850962056,-3747.7480962467270729,-3944.2511547055037227,-4179.5550598722493305,-4448.5661222917833584,-4574.9556506125973101,-4842.8982551135613903,-5543.8832080535803470,-6030.9988568277040031,-6087.5784235043647641,-6296.7928810263292689,-6689.5074081873244722,-6800.5807539949437341,-7033.0055419123118554,-7356.7206535259992961,-7746.1355710930101850,-8089.0358917555040534,-8541.7225020475416386
-4.1417406626822215,-254.5784498603236443,-881.3932409674911241,-1411.2836870284015731,-1711.9205108112064408,-1810.3132550259952041,-1992.6457588386176667,-2499.8912000017180617,-2644.3808059839379894,-2870.4419961127764509,-2990.5072254056467500,-3355.6373516301168820,-3499.1772773284310460,-3746.0174166817660080,-3942.9001929067899255,-4177.8393115027920430,-4446.3092529109189854,-4574.3221295142975578,-4841.0021305793397914,-5536.1266779345232862,-6024.0522787332138250,-6086.3378591796672481,-6295.4378790436776399,-6685.8075986661888237,-6799.6766340052490705,-7031.4702762018050635,-7353.8324777616753636,-7741.9847819209526278,-8085.0654756231342617,-8540.2216026184669317
-4.3130742449491164,-253.3233968184792957,-874.9455203066414697,-1404.2736969296797724,-1707.6074123016455815,-1809.4160798338150471,-1991.7485851890342019,-2494.8723262132225500,-2642.6745969812782278,-2868.7357893650328151,-2990.1494075113951112,-3352.5815365904877581,-3498.1003178335790835,-3744.2951360778688468,-3941.5572495256988077,-4176.1331034494314736,-4444.0636876064745593,-4573.6946197954794116,-4839.1161327744339360,-5528.3992316342355480,-6017.1322920840220831,-6085.1037287252620445,-6294.0912414738168081,-6682.1237930367615263,-6798.7794038434658432,-7029.9439529257133472,-7350.9576642228876153,-7737.8514707615768202,-8081.1119495651046236,-8538.7276475098078663
-4.5078299393839441,-252.0971525424790798,-868.5194580794186550,-1397.2885643146901202,-1703.3110998337272122,-1808.5254543804564946,-1990.8579613772631092,-2489.8713578261963448,-2640.9773621963136065,-2867.0385567979710686,-2989.7965231657271943,-3349.5384011565975015,-3497.0304469402685754,-3742.5806286272118086,-3940.2218872811690744,-4174.4358696081308153,-4441.8287126268287466,-4573.0728505265042259,-4837.2396452870489156,-5520.6986682163878868,-6010.2369035702868132,-6083.8756774494022466,-6292.7525006365831359,-6678.4548842320918993,-6797.8887184422983410,-7028.4260561016153588,-7348.0953269141755300,-7733.7344071269753840,-8077.1741323041596843,-8537.2401921254386252
-4.7281268785478803,-250.9015784711960748,-862.1133713518245258,-1390.3264357134598868,-1699.0303858677366406,-1807.6410335014031716,-1989.9735422380870205,-2484.8870053136697607,-2639.2885569599993687,-2865.3497537611110602,-2989.4483602188074656,-3346.5069816612999603,-3495.9672751577404597,-3740.8732893093956591,-3938.8936777839776369,-4172.7470653176569613,-4439.6036502964852843,-4572.4565429423391834,-4835.3720773100676524,-5513.0229702301012367,-6003.3642827927687904,-6082.6533577526124645,-6291.4212005385670636,-6674.7998402485573024,-6797.0042321879927840,-7026.9160862090020601,-7345.2446329921176584,-7729.6324478286123849,-8073.2509249845206796,-8535.7588101313485822
-4.9762750398635127,-249.7387707450945982,-855.7256259906772584,-1383.3856124237693166,-1694.7641717145700113,-1806.7624772874037262,-1989.0949878467502003,-2479.9180807563443523,-2637.6076616582190582,-2863.6688606584398258,-2989.1046985773423330,-3343.4863524429711106,-3494.9104226511535671,-3739.1725379811396124,-3937.5722063833700304,-4171.0661709715895995,-4437.3878611928066675,-4571.8454169241704221,-4833.5128663133209557,-5505.3702914439372762,-5996.5127520008018109,-6081.4364337038441590,-6290.0969014418988081,-6671.1577024999915011,-6796.1256046818207324,-7025.4135642822657246,-7342.4048032676255389,-7725.5445341307613489,-8069.3413088037086709,-8534.2830971608364052
-5.2547922691400499,-248.6110746057363770,-849.3544888781514146,-1376.4645447052234886,-1690.5114480791798997,-1805.8894596615650698,-1988.2219720780658463,-2474.9634969082812859,-2635.9341884062046120,-2861.9953896230231294,-2988.7653200502090840,-3340.4756256493947149,-3493.8595273959263068,-3737.4778265725040001,-3936.2570799340032863,-4169.3926986928181577,-4435.1807495519960867,-4571.2392002098995363,-4831.6614835445798235,-5497.7389494857907266,-5989.6807805048438240,-6080.2245885615093357,-6288.7791873842952555,-6667.5275878451348035,-6795.2525093136118812,-7023.9180389994535290,-7339.5751161320567917,-7721.4696927168924958,-8065.4443464017140286,-8532.8126774908050720
-5.5664227934420589,-247.5211007301190307,-842.9977885551903682,-1369.5618297713040192,-1686.2712986874896615,-1805.0216791340806139,-1987.3541933225953926,-2470.0222695119141463,-2634.2676901151462516,-2860.3288935837890676,-2988.4300202286985950,-3337.4739535299918316,-3492.8142555573977006,-3735.7886487143628074,-3934.9479368327165503,-4167.7262014001789794,-4432.9817712102785663,-4570.6376397107069351,-4829.8174415050571042,-5490.1274224559574577,-5982.8669828637766841,-6079.0175345944853689,-6287.4676759958410912,-6663.9086935311415800,-6794.3846440126353627,-7022.4290960937851196,-7336.7549141854196932,-7717.4070396918705228,-8061.5591862383216721,-8531.3472130439859029
-5.9141573488510542,-246.4717435754373867,-836.6521768319096282,-1362.6762123294322464,-1682.0429058500808424,-1804.1588707187256659,-1986.4913863209603733,-2465.0935216649754693,-2632.6077709041255730,-2858.6689766776294164,-2988.0986214061617829,-3334.4805323168366158,-3491.7743130730532357,-3734.1045507417802582,-3933.6444582954513862,-4166.0662832203506696,-4430.7904430127500746,-4570.0405139280983349,-4827.9803020670333353,-5482.5343482381531430,-5976.0701196004556550,-6077.8150241769326385,-6286.1620295791599347,-6660.3003039305813218,-6793.5217431598985058,-7020.9463690251232038,-7333.9436124750300223,-7713.3557864801441610,-8057.6850688256345165,-8529.8864136923402839
-6.3012550586794722,-245.4662018264000380,-830.3116862904824984,-1355.8065861618924828,-1677.8255565473393744,-1803.3008177120218534,-1985.6333337687146923,-2460.1764887502245074,-2630.9540965307564875,-2857.0153046802020071,-2987.7709852563098138,-3331.4946066480106310,-3490.7394571320992327,-3732.4251427322196832,-3932.3463795628549633,-4164.4126099181594327,-4428.6063523449402055,-4569.4476451815335167,-4826.1496834631407182,-5474.9585249788287911,-5969.2890989414881915,-6076.6168608473608401,-6284.8619661379234458,-6656.7017976778870434,-6792.6635893627653786,-7019.4695495427604328,-7331.1407069782389954,-7709.3152462107473184,-8053.8213334127312919,-8528.4300475540567277
-6.7312672085322589,-244.5080010531312382,-823.9654121042009365,-1348.9519951747456616,-1673.6186475464189698,-1802.4473619508082720,-1984.7798762061529487,-2455.2705223130737977,-2629.3064034313101729,-2855.3676140462016519,-2987.4470239025345109,-3328.5154735728938249,-3489.7095061625814196,-3730.7501081433592844,-3931.0534996389133084,-4162.7649179354684748,-4426.4291653612344817,-4568.8589102706846461,-4824.3252640512391736,-5467.3989111413875435,-5962.5229780112067601,-6075.4229089369027861,-6283.5672689534885649,-6653.1126537344662211,-6791-7651.3754073155123479,-7823.4700347998168581,-8593.1350216866394476
-8.9632219165958578,-217.5757372711136099,-443.9036981936710617,-662.3767397892834197,-998.7701615088119524,-1625.8873511799304197,-1735.5270220853672072,-1957.1495009499826665,7.2913119283716696,-2445.4399573981904723,-2961.8533807877884101,-3162.9265942472075039,-3325.4750495442617648,-3507.6701509389722560,-3696.2928825874441827,-3895.8579057683746214,-4136.0296100325667794,-4360.7858334316724722,-4537.4307357145598871,-4774.0483325077402696,-4925.9933818656118092,-5563.2413302351842503,-6129.7857485297618041,-6376.7128025716829143,-6671.6760825771880263,-7106.5093307257175184,-7506.1180367695251334,-7653.7630922902199018,-7824.9791714534685525,-8605.3684666555236618
-7.7358579888901815,-218.3909120581979550,-447.1649715937085148,-665.1057288316449103,-1005.1858766025843579,-1641.6084795560332168,-1737.5533894381810569,-1960.0537529405614805,-2225.1272757358374292,-2443.8038296388658637,-2956.0825101203304257,-3160.7632010637789790,-3324.6305840825325504,-3506.8366770367629215,-3695.3604232299080650,-3894.7495162723153044,-4134.3054305297537212,-4359.1495956297030716,-4536.4983001469472583,-4772.4121173213870861,-4925.4128302924445961,-5555.9743938653764417,-6122.1431287273535418,-6373.4931030326742984,-6668.7203220337960374,-7101.6181757991907944,-7501.3148532185259683,-7652.5667331117247159,-7824.2224120717628466,-8599.2457121666993771
-8.3192437889681461,-217.9509355846899723,-445.5110533009225833,-663.7386603316888340,-1001.9741011158114361,-1633.7408685061461711,-1736.5377635457512042,-1958.5988934003830764,-2222.9696544701050698,-2442.1733567319747635,-2950.3232015181292809,-3158.6061679999452281,-3323.7906505373771324,-3506.0068717525314241,-3694.4325961753979755,-3893.6460262544683246,-4132.5870371132759828,-4357.5190166127613338,-4535.5705221584748870,-4770.7815552148922507,-4924.8364339568624928,-5548.7207700665348966,-6114.5131563275508597,-6370.2813246707955841,-6665.7721046876940818,-7096.7373271288051910,-7496.5218508533844215,737808,-6645.4659120319292924,-7112.4447561467377454,-7667.1945915548758421,-7875.3134794866518860,-8223.1170962977666932,-8412.0011736733686121,-8760.3866732275600953,-9269.6608738089562394,-9605.3919287993594480,-9985.0824484356762696,-10482.0123056624688616,-10879.4816439018595702
-8.9632219165958578,-371.3420530266879496,-814.4294837915172138,-1190.8441146366876637,-1335.7804284024282424,-1546.6291819805005616,-2119.7435466558677035,-2355.6214202487067269,-2829.2215556974160791,-3292.6674968334400546,-3828.7644539692332728,-4191.0780607509932452,-4541.1158988989600402,-4927.8987078808495426,-5362.6247431434167083,-5633.9678028941552839,-6139.9528126895402238,-6330.9216168767607087,-6642.5251572459555973,-7107.0476196326817444,-7660.0593957620058063,-7872.8991015519513894,-8219.5622457205026876,-8410.5517948329543287,-8757.0072797072352841,-9263.5619132510455529,-9601.3119735117052187,-9980.7658571829342691,-10475.9133485350266710,-10877.9445703566598240
-9.6732393217269657,-368.7592146816220975,-809.5687403575681174,-1186.4213963552260793,-1334.8623452712095059,-1545.3605634438690686,-2113.0581336096188352,-2352.9510169805516853,-2823.7476741565483280,-3286.8428994605264961,-3821.8009470156825955,-4186.5061485994701798,-4537.1312467009756801,-4923.4759831507071794,-5357.4134604723603843,-5631.0429677032780091,-6133.9529857231027563,-6329.0397602956163610,-6639.5919039444625014,-7101.6611039515482844,-7652.9358869186844458,-7870.4915560390472820,-8216.0156764417970408,-8409.1080237324658810,-8753.6359444833342422,-9257.4744646086728608,-9597.2408619243869907,-9976.4568755330910790,-10469.8259032187997946,-10876.4132129863846785
-10.4552274500172189,-366.2556370635655298,-804.7179044210440679,-1182.0080643087092085,-1333.9494312381721102,-1544.0974347118974492,-2106.3837498025022796,-2350.2878925202412574,-2818.2844241279526614,-3281.0293761736211309,-3814.8498730388732838,-4181.9422291646087615,-4533.1554547979467316,-4919.0626445107373002,-5352.2125142441482240,-5628.1250751829720684,-6127.9644438458371951,-6327.1642333887057248,-6636.6662456983985976,-7096.2851356662913531,-7645.8239405272088334,-7868.0909723901077086,-8212.4774402863949945,-8407.6700553701157332,-8750.2727306492961361,-9251.3984067188957852,-9593.1786190609655023,-9972.1555667015127256,-10463.7498485769538092,-10874.8877610422550788
-11.3156445660003140,-363.8378657875391582,-799.8770158459985851,-1177.6041870715384903,-1333.0419694765505483,-1542.8399301666056544,-2099.7203800328838952,-2347.6322227266277878,-2812.8318114614708065,-3275.2269095188885331,-3807.9111455345887407,-4177.3864263755522188,-4529.1886184915920239,-4914.6587604850201387,-5347.0219245885828059,-5625.2143323135514947,-6121.9871588912483276,-6325.2952603275598449,-6633.7483421841407107,-7090.9197241675174155,-7638.7235246898635523,-7865.6975426341077764,-8208.9476594071657019,-8406.2381407900575141,-8746.9177685494269099,-9245.3337060065659898,-9589.1253430734814174,-9967.8620713348173012,-10457.6851510596407024,-10873.3684602758821711
-12.2615217074951079,-361.5130629645541944,-795.0461657690361790,-1173.2099005153768303,-1332.1402911777859117,-1541.5880787270548353,-2093.0680642460010858,-2344.9842411252234342,-2807.3899149357898750,-3269.4355570589123090,-3800.9847591906764137,-4172.8389336556647322,-4525.2308979803001421,-4910.2644668936973176,-5341.8417832808900130,-5622.3110022821911116,-6116.0211786742711411,-6323.4331186104536755,-6630.8384118540843701,-7085.5649514558344890,-7631.6346874365453914,-7863.3115150157073003,-8205.4265184368832706,-8404.8125819549895823,-8743.5712429221821367,-9239.2804053618328908,-9585.0811967899117008,-9963.5765981006243237,-10451.6318535817481461,-10871.8556071864586556
-13.3005125999652911,-359.2890545858329574,-790.2253588643297917,-1168.8253998871132353,-1331.2447726024079202,-1540.3416166049091771,-2086.4268380519915809,-2342.3442334724859393,-2801.9588768476533005,-3263.6554414599195297,-3794.0707783639145418,-4168.3000052152237913,-4521.2825110578751264,-4905.8799589305099289,-5336.6722446994290294,-5619.4153987804256758,-6110.0666168281277351,-6321.5781347458159871,-6627.9367245059611378,-7080.2209628490290925,-7624.5575447960545716,-7860.9331889331224374,-8201.9142577496513695,-8403.3937280515474413,-8740.2333668814771954,-9233.2386138540805405,-9581.0464003505785513,-9959.2994153583476873,-10445.5900652371219621,-10870.3495424657394324
-14.4409479021170117,-357.1743818731909528,-785.4136063722633025,-1164.4509328040367109,-1330.3558336534215414,-1539.0995947880574022,-2079.7965705675164827,-2339.7125335400387485,-2796.5388942126814982,-3257.8867412541776503,-3787.1693260344618466,-4163.7699482604530203,-4517.3437268052539366,-4901.5054841574901729,-5331.5135175645282288,-5616.5278814839493862,-6104.1236432575433355,-6319.7306812917677235,-6625.0435872977668623,-7074.8879584121232256,-7617.4922693551552584,-7858.5629111412963539,-8198.4111672725721291,-8401.9819732266969368,-8736.9043039867265179,-9227.2084970734322269,-9577.0212248167154030,-9955.0308437914700335,-10439.5599516426118498,-10868.8506341417123622
-15.6918942061650704,-355.1783569020213349,-780.6035373540107685,-1160.0867927791973671,-1329.4739377402615901,-1537.8595725662141831,-2073.1764755800986677,-2337.0895198095399792,-2791.1302087259737164,-3252.1296818284081382,-3780.2805727383283738,-4159.2491157314434531,-4513.4148599074851518,-4897.1413360270917110,-5326.3658570361794773,-5613.6488523914649704,-6098.1924743155668693,-6317.8911749774415512,-6622.1592875199248738,-7069.5661842510926363,-7610.4390787948468642,-7856.2010729227313277,-8194.9175760079469910,-8400.5777554769156268,-8733.5838972345081856,-9221.1902675844412443,-9573.0059863802616746,-9950.7712496237163577,-10433.5417254505555320,-10867.3592006765265978
-17.0632182801169208,-353.3111228869335037,-775.7555871367233067,-1155.7333128030722946,-1328.5995925841573353,-1536.6160437345743048,-2066.5635674105760700,-2334.4756126802253675,-2785.7330773284734278,-3246.3845261122969532,-3773.4047249061422917,-4154.7378990982388132,-4509.4962651332189125,-4892.7878473372875305,-5321.2295566476950626,-5610.7787526109195824,-6092.2733551566807364,-6316.0600755399482296,-6619.2837867192620251,-7064.2559162115248910,-7603.3982238209564457,-7853.8481078386203080,-8191.4337938732414841,-8399.1815556482524698,-8730.2707001605594996,-9215.1841735851758131,-9569.0010407206864329,-9946.5210378700940055,-10427.5356364604649571,-10865.8751184826123790
-18.5656571173287510,-351.5837196394071498,-770.7247877901221500,-1151.3908578697883058,-1327.7333501148661981,-1535.3576912247870041,-2059.9476098364611971,-2331.8712718397641765,-2780.3475057345481218,-3240.6515644594824153,-3766.5420121080715035,-4150.2367208111936634,-4505.5883306348814585,-4888.4453774990170132,-5316.1049380958038455,-5607.9180590931473489,-6086.3664220231676154,-6314.2378849405795336,-6616.4150272665265220,-7058.9573237069025708,-7596.3699749180595973,-7851.5044897201532876,-8187.9595989511999505,-8397.7938757754382095,-8726.9585678884723166,-9209.1904508584848372,-9565.0067771090998576,-9942.2806408053311316,-10421.5419587764063181,-10864.3958194819097116
-20.2108944523158449,-350.0081548727347354,-765.2904528880554835,-1147.0596645107439144,-1326.8756970266686039,-1534.0637214045718792,-2053.2944466593871766,-2329.2769924829453885,-2774.9701077494401034,-3234.9310908210463822,-3759.6926668798960236,-4145.7460256168087653,-4501.6913919532535147,-4884.1140357728145318,-5310.9922304652764069,-5605.0672594364668839,-6080.4696840104152216,-6312.4251425345864845,-6613.5397627035581536,-7053.6683924429180479,-7589.3545925254938993,-7849.1707303010889518,-8184.4894886503616362,-8396.4145948115583451,-8723.6253827677301160,-9203.2083473791626602,-9561.0236085230008030,-9938.0502842642054020,-10415.5608425474856631,-10862.9064083442808624
-22.0116445121890720,-348.5974822525459444,-759.5319511459749720,-1142.6960801982127123,-1326.0190565806087761,-1532.6999913251077032,-2046.4981540042094821,-2326.6923934789610939,-2769.5576885833384040,-3229.2207665161417935,-3752.8552207119819286,-4141.2657940927711024,-4497.7992973013515439,-4879.7816687887852822,-5305.8838265193517145,-5602.2235283911886654,-6074.5483547918984186,-6310.6209730699210922,-6610.5891192070121178,-7048.3488407815439132,-7582.3494483805179698,-7846.8469807733863490,-8180.9709957665672846,-8395.0231266648497694,-8720.1991334065842238,-9197.2089453215357935,-9557.0506611280416109,-9933.8190468546126795,-10409.5837370515473594,-10861.3366934407440567
-23.8614290000000011,-346.8283211381315709,-752.6127241904898710,-1134.1117550374731309,-1321.3195598625541152,-1527.9567714593201799,-2035.6706668669542069,-2320.0242848279935970,-2759.8096152000648544,-3219.0250150159154146,-3741.3839585709683888,-4132.4539397200760504,-4489.6666395159900276,-4871.1655588013172746,-5296.3801119413892593,-5595.2676906026099459,-6064.1977068592241267,-6304.8357914026964863,-6603.7612046881404240,-7038.6903192900927024,-7570.6906953047282514,-7840.4724700056949587,-8173.3988010484190454,-8389.7506019496158842,-8712.9623998794304498,-9186.7496694140572799,-9548.8148201764797705,-9925.3133097909667413,-10399.1006088019239542,-10856.0903664073957771
